Curtain Pass Members,72
Doubletree Nutcracker Tea,77
"A Program of ""Firsts""",716
Strength and Longing,650
Don Quixote,712
A 50th Finale,2498
Prodigal Son,2684
"Keigwin, Fonte & Forsythe",340
Speed and Precision,721
Press Play,2865
Fonte & Forsythe,1165
A Tribute to Jerome Robbins,2660
Coppelia Children Party,17
Nutcracker Tea,126
Carmina Burana w Stravinsky,4318
Swan Lake,7117
perf_desc,1
Gift to the City,544
(Reserve)Gift to the City,209
Director's Choice,2615
Copp?lia,1588
Balanchine and Beyond,651
Jewels,3664
1314 Ruth Chris Dinner,7
The Nutcracker,24976
Serenade & Other Dances,2696
